-- phpMyAdmin SQL Dump
-- version 5.2.1
-- https://www.phpmyadmin.net/
--
-- Host: db:3306
-- Generation Time: Mar 24, 2024 at 05:00 PM
-- Server version: 5.7.44
-- PHP Version: 8.2.8

SET SQL_MODE = "NO_AUTO_VALUE_ON_ZERO";
START TRANSACTION;
SET time_zone = "+00:00";


/*!40101 SET @OLD_CHARACTER_SET_CLIENT=@@CHARACTER_SET_CLIENT */;
/*!40101 SET @OLD_CHARACTER_SET_RESULTS=@@CHARACTER_SET_RESULTS */;
/*!40101 SET @OLD_COLLATION_CONNECTION=@@COLLATION_CONNECTION */;
/*!40101 SET NAMES utf8mb4 */;

--
-- Database: `haocommtk_db`
--

-- --------------------------------------------------------

--
-- Table structure for table `access_tokens`
--

CREATE TABLE `access_tokens` (
  `id` int(11) NOT NULL,
  `user_id` int(11) DEFAULT NULL,
  `access_token` varchar(255) DEFAULT NULL,
  `ip` varchar(255) DEFAULT NULL,
  `expire_at` datetime DEFAULT NULL,
  `created_at` datetime NOT NULL,
  `updated_at` datetime NOT NULL
) ENGINE=InnoDB DEFAULT CHARSET=latin1;

--
-- Dumping data for table `access_tokens`
--

INSERT INTO `access_tokens` (`id`, `user_id`, `access_token`, `ip`, `expire_at`, `created_at`, `updated_at`) VALUES
(1, 1, 'ab4abbe3e9abf9096e1d325795064b8932efd03b10f2363144f03de6e99fbe13', '127.0.0.1', '2022-10-05 19:35:39', '2022-10-05 18:35:39', '2022-10-05 18:35:39'),
(2, 2, '3a5bdc47bb6f1c1524d117e1f69a8cb3442ecd535700eeb9e73ac0acc7eee520', '127.0.0.1', '2022-10-05 22:44:15', '2022-10-05 21:44:15', '2022-10-05 21:44:15'),
(3, 1, '6be12fd1bc0470333915ae9eed7742467ef522b6a6fb7ce6f6c1161ca052fb24', '127.0.0.1', '2022-10-05 22:47:26', '2022-10-05 21:47:26', '2022-10-05 21:47:26'),
(4, 2, '73fd16e3cae47823d9024b45ba39aa07ef68ef7b2811a43ea938f109c0b58a10', '127.0.0.1', '2022-10-05 22:48:42', '2022-10-05 21:48:42', '2022-10-05 21:48:42'),
(5, 3, '1634fedbd18605a63fa64913f9b5e0e7d1a9f9c195ac15ea0aa293354331718d', '127.0.0.1', '2022-10-05 22:49:36', '2022-10-05 21:49:36', '2022-10-05 21:49:36'),
(6, 3, '765f4f1958a36b103ae832298d8cd809496b30fac29bdb7b0f4bfeea4e3fb375', '127.0.0.1', '2022-10-05 22:50:47', '2022-10-05 21:50:47', '2022-10-05 21:50:47'),
(7, 1, 'b29867683204802c459fa5dc50d4ef7c268d3ddebaff3b621ae3e4cd13a7a15d', '172.17.0.1', '2022-10-05 23:41:58', '2022-10-05 22:41:58', '2022-10-05 22:41:58'),
(8, 1, '85372186f5b2c608db419f40859676f46a3d59d4470c9857939ee3450a114d8c', '172.17.0.1', '2022-10-06 00:09:50', '2022-10-05 23:09:50', '2022-10-05 23:09:50'),
(9, 1, '34ae7a944221744f026f2545a098d718e56fd86677481367196441b39d587ce9', '172.17.0.1', '2022-10-06 00:18:50', '2022-10-05 23:18:50', '2022-10-05 23:18:50'),
(10, 4, '7498ee233e21be28292cdf42680a6871d6769363b53f78c16fc8f850f520c1e2', '172.17.0.1', '2022-10-06 00:20:15', '2022-10-05 23:20:15', '2022-10-05 23:20:15'),
(11, 1, '9dae095cd6e0ff61459085349ca73ee44629bff0ab725a6bac09871addd084aa', '172.17.0.1', '2022-10-06 00:20:58', '2022-10-05 23:20:58', '2022-10-05 23:20:58'),
(12, 1, '56114af8a6c0d5dd1b48f35f344250b78a9ae33225cf9e9d96fe9034a87ed3bb', '172.17.0.1', '2022-10-06 00:45:11', '2022-10-05 23:45:11', '2022-10-05 23:45:11'),
(13, 1, 'a630d9a40a617f5367d49ac101d7233f0efadaa69a0a3f3c89a8c1fa2ce396e3', '172.17.0.1', '2022-10-06 00:46:56', '2022-10-05 23:46:56', '2022-10-05 23:46:56'),
(14, 1, '3e17ec524cd78888d32510b0105e1603063fef20145b2ddcf5abf832d3e76297', '159.192.176.80, 162.158.162.173', '2022-10-06 01:37:32', '2022-10-06 00:37:32', '2022-10-06 00:37:32'),
(15, 1, '6a41d0eaf4580d553ae1e45e130bba4776547a9afac2bc0b98585bf587bdb080', '159.192.176.80, 162.158.163.182', '2022-10-06 02:13:12', '2022-10-06 01:13:12', '2022-10-06 01:13:12'),
(16, 4, 'de1aaeddbe13bf943f97278a557264eba2cedd5c8f9a01a24d226a4f76d97e15', '159.192.176.80, 162.158.162.173', '2022-10-06 02:15:34', '2022-10-06 01:15:34', '2022-10-06 01:15:34'),
(17, 1, 'fb81a2c397074d2c34aa072728d82c03998e6110dcd7fe5f5d3f9f638815275a', '159.192.176.80, 162.158.162.173', '2022-10-06 02:15:54', '2022-10-06 01:15:54', '2022-10-06 01:15:54'),
(18, 4, '91678f1da7c54686372f36708336ad1d33cbd971bc1f480a607f3cf6dd73e7b0', '159.192.176.80, 162.158.162.173', '2022-10-06 02:16:11', '2022-10-06 01:16:11', '2022-10-06 01:16:11'),
(19, 1, '44dca307c7cdace206b428f75670542226c09e44220d5f8e3f545f8466502e97', '202.28.250.122, 162.158.162.173', '2022-10-06 10:16:02', '2022-10-06 09:16:02', '2022-10-06 09:16:02'),
(20, 1, '2f8d46810330f140d904ffbed115e267787a8c78c016ffc939091e089aa85a42', '202.28.250.122, 162.158.163.182', '2022-10-06 11:36:35', '2022-10-06 10:36:35', '2022-10-06 10:36:35'),
(21, 1, '8d964e30e9a7c87d2ef875b75c9b7a1587f024836e5f0e105518b21c2189ecba', '202.28.250.122, 162.158.163.164', '2022-10-06 12:36:42', '2022-10-06 11:36:42', '2022-10-06 11:36:42'),
(22, 1, '38857a7f21fb974f6edda9758278bce9370eb904e1db363db0d2bd41e52e68dc', '202.28.250.122, 162.158.163.163', '2022-10-06 15:25:36', '2022-10-06 14:25:36', '2022-10-06 14:25:36'),
(23, 5, '1cba22d17b4f392d767e643635b6acfe9b26f573901277d57bb9de24bca3461d', '202.28.250.117, 162.158.162.172', '2022-10-06 15:59:16', '2022-10-06 14:59:16', '2022-10-06 14:59:16'),
(24, 1, '388ff0b8f7712d9bc46fbc82f150b4be2ce29b012350c532c8d77da1119254b4', '202.28.250.104, 162.158.163.181', '2022-10-06 16:52:19', '2022-10-06 15:52:19', '2022-10-06 15:52:19'),
(25, 1, '901f840e270b1a1e0b74db0d6aa98cf695444b29359e6cda309945b76a5275a4', '118.174.86.23, 162.158.163.207', '2022-10-06 22:29:08', '2022-10-06 21:29:08', '2022-10-06 21:29:08'),
(26, 4, 'a1fbe21c8aa9366a7908e76a3d8bc78d9b49dc8336c2f4abe36af68be30e3fbd', '118.174.86.23, 162.158.162.172', '2022-10-06 22:47:04', '2022-10-06 21:47:04', '2022-10-06 21:47:04'),
(27, 1, '69640c35c4aa26a8d0a69d64b35b428585edba7e716e93cef81a06fb579f02bc', '118.174.86.23, 162.158.162.172', '2022-10-06 22:47:14', '2022-10-06 21:47:14', '2022-10-06 21:47:14'),
(28, 4, 'ddeb3414d95582d51c6a8fc3deb129f74934bb216e9dfee4c7e5fc510ddc9374', '118.174.86.23, 162.158.162.172', '2022-10-06 22:47:33', '2022-10-06 21:47:33', '2022-10-06 21:47:33'),
(29, 1, '51df6bc356d51feea3ce3a4704cb3ab70134d81393399eae8ecf6eacb1efb401', '118.174.86.23, 162.158.163.223', '2022-10-06 22:56:31', '2022-10-06 21:56:31', '2022-10-06 21:56:31'),
(30, 4, '18afa024f70995241b3b646e021b52260cce23e01eaf4e06b890b6561b48455f', '118.174.86.23, 162.158.162.168', '2022-10-07 01:00:57', '2022-10-07 00:00:57', '2022-10-07 00:00:57'),
(31, 1, '1a057fd939870100bb779b23facf4a452c581f9278fb4bdda798d82ed99a74d3', '2405:9800:b900:2989:418d:e3b6:739f:224e, 162.158.163.181', '2022-10-08 19:13:20', '2022-10-08 18:13:20', '2022-10-08 18:13:20'),
(32, 4, '7f6b3d1d9c1693a315dc93db52fe353f7218ec167e00517fe329253b32485d8f', '2405:9800:b900:2989:418d:e3b6:739f:224e, 162.158.162.172', '2022-10-08 19:21:55', '2022-10-08 18:21:55', '2022-10-08 18:21:55'),
(33, 4, 'f298939e07951d1e8b94d79899874b312b164f729d80e3c476dcbe6b098b88df', '2405:9800:b900:2989:6dfc:bc02:7e6b:2d31, 162.158.163.163', '2022-10-08 19:32:26', '2022-10-08 18:32:26', '2022-10-08 18:32:26'),
(34, 4, '9d96e6e928611ada1acdf5f98b96ec2f4ce8a14ccba3e93c4a8e55007e96c8a8', '2405:9800:b900:2989:6dfc:bc02:7e6b:2d31, 162.158.163.181', '2022-10-08 19:43:41', '2022-10-08 18:43:41', '2022-10-08 18:43:41'),
(35, 1, 'c2e2ff95011bfd65d031e05e9b357238d020444c5f899261896681a2a8e8f660', '2405:9800:b900:2989:6dfc:bc02:7e6b:2d31, 162.158.162.172', '2022-10-08 19:44:40', '2022-10-08 18:44:40', '2022-10-08 18:44:40'),
(36, 4, 'f0ac628ffb9a045b30c6f984f8492fcc1f25b4b49cc087d9716a61e5f393ae98', '2405:9800:b900:2989:6dfc:bc02:7e6b:2d31, 162.158.163.195', '2022-10-08 19:45:37', '2022-10-08 18:45:37', '2022-10-08 18:45:37'),
(37, 1, 'a19918f8b7d4358d3741ddb0690f53de0c214bd34d94750b783988c0fce53caa', '2405:9800:b900:2989:6dfc:bc02:7e6b:2d31, 162.158.162.172', '2022-10-08 20:05:52', '2022-10-08 19:05:52', '2022-10-08 19:05:52'),
(38, 4, 'abca7d7e6766f05cdd0054efc4b3c036c3e55355f59b4af64a3fe947ecb053c1', '2405:9800:b900:2989:6dfc:bc02:7e6b:2d31, 162.158.162.172', '2022-10-08 20:06:20', '2022-10-08 19:06:20', '2022-10-08 19:06:20'),
(39, 1, 'aabb0f15bd37763ed1f15ebca9c708990904bd9bb9f2e324b577348216b273ba', '2405:9800:b900:2989:6dfc:bc02:7e6b:2d31, 162.158.163.163', '2022-10-08 20:52:12', '2022-10-08 19:52:12', '2022-10-08 19:52:12'),
(40, 4, '8f8cbc96204cfe5c83c2cd876b0e2219f6bb5e0adf66a478cee40b6e0b14f4b2', '2405:9800:b900:2989:6dfc:bc02:7e6b:2d31, 162.158.163.163', '2022-10-08 20:58:38', '2022-10-08 19:58:38', '2022-10-08 19:58:38'),
(41, 4, '03eb898b3f0f5cb650046eb67b927fda0b5479a4c1b30876082d44cdd1c8f165', '2405:9800:b900:2989:6dfc:bc02:7e6b:2d31, 162.158.162.172', '2022-10-08 22:07:10', '2022-10-08 21:07:10', '2022-10-08 21:07:10'),
(42, 1, 'c171f0057fdc08e3605929f47872b2b2b9ff315938f47c12a5c52a7c0b751a3d', '2405:9800:b900:2989:6dfc:bc02:7e6b:2d31, 162.158.162.172', '2022-10-08 22:07:30', '2022-10-08 21:07:30', '2022-10-08 21:07:30'),
(43, 1, 'f972b829736528da0b24450790ac611fa95cd725308f042313b9828b9a344915', '2405:9800:b900:2989:6dfc:bc02:7e6b:2d31, 162.158.163.163', '2022-10-08 22:08:48', '2022-10-08 21:08:48', '2022-10-08 21:08:48'),
(44, 1, 'ea9cd11ad3d02f29b7f0229aa93fb329c5f5bfad0e0106c0766cccb8eb25064b', '118.172.166.32, 162.158.162.34', '2022-10-09 20:54:45', '2022-10-09 19:54:45', '2022-10-09 19:54:45'),
(45, 1, 'a728b879717b51a946467695f7ee68b3b1428698c3a6f1e84225fe1db2ed09a7', '118.172.166.32, 162.158.162.172', '2022-10-09 21:54:47', '2022-10-09 20:54:47', '2022-10-09 20:54:47'),
(46, 1, '2a8826ec1f1afbf63e1b8a670de91fdd46f17f8f597d8e90816cbaf1462b1e69', '202.28.250.122, 162.158.162.172', '2022-10-10 17:05:06', '2022-10-10 16:05:06', '2022-10-10 16:05:06'),
(47, 1, '247ceff870e287d14b23456a9222936b9516e0764b238d9491e7cbd1337e3ad1', '159.192.179.175, 162.158.163.181', '2022-10-10 21:04:35', '2022-10-10 20:04:35', '2022-10-10 20:04:35'),
(48, 4, '9945551bfa00beeedf4c9abf9db78210971aafa707fe39784de910d3a9a1ff91', '159.192.179.175, 162.158.163.181', '2022-10-10 21:05:39', '2022-10-10 20:05:39', '2022-10-10 20:05:39'),
(49, 1, '397a006da0e6efa5d6065e6d6624c1e728900a3c3ebdc1c3c1cbbf7639b551e9', '101.51.192.152, 162.158.162.218', '2022-10-13 22:50:16', '2022-10-13 21:50:16', '2022-10-13 21:50:16'),
(50, 1, '653edaf3cc9690b5ae18bbbb5d5a6e654d31fbfa44298a6176634a17401b15d3', '2405:9800:b900:2989:9cc8:fca6:1ea2:30dc, 162.158.163.203', '2022-10-15 12:01:09', '2022-10-15 11:01:09', '2022-10-15 11:01:09'),
(51, 4, '068f01ada22667e78ce215b608cdb9497a47e3fccf54b1221aa075458e7455d3', '2405:9800:b900:2989:9cc8:fca6:1ea2:30dc, 162.158.163.203', '2022-10-15 12:02:04', '2022-10-15 11:02:04', '2022-10-15 11:02:04'),
(52, 1, 'fd22c76cdc209168a1b81e37b803f8c41ae3814671b264e295728d3f7e3dee1d', '2405:9800:b900:2989:9cc8:fca6:1ea2:30dc, 162.158.163.211', '2022-10-15 12:49:02', '2022-10-15 11:49:02', '2022-10-15 11:49:02'),
(53, 1, 'c2d81f39cf68693eb8f236c44ce56a61a43c3f68504048298bdf6649bf608430', '2405:9800:b900:2989:9cc8:fca6:1ea2:30dc, 162.158.162.218', '2022-10-15 14:02:55', '2022-10-15 13:02:55', '2022-10-15 13:02:55'),
(54, 1, '0506e28b85cb8a3b13ca508f70d79ef4dae8817f8139a8ccd1237e9219be016d', '2405:9800:b900:2989:d858:b809:614f:e400, 162.158.162.218', '2022-10-15 16:04:37', '2022-10-15 15:04:37', '2022-10-15 15:04:37'),
(55, 1, '98ac4d3132b0c2f80b9b01bd59a6bb2bc238bc45b2809dc98ec708a01ef840b5', '2405:9800:b900:2989:20ad:8edc:1b8c:aa4, 162.158.162.218', '2022-10-15 20:56:12', '2022-10-15 19:56:12', '2022-10-15 19:56:12'),
(56, 1, 'bb91a694f9eaea0668309462d1a430060f8dadbba72bb9504e90758a8db65e64', '2405:9800:b900:2989:70be:9f7d:4a14:c4c1, 162.158.163.203', '2022-10-15 23:58:11', '2022-10-15 22:58:11', '2022-10-15 22:58:11'),
(57, 4, '1a1ce284d8a364e65c6f46bf260432a5e63b2230faf32d776b8ed3e1aafef5af', '2405:9800:b900:2989:70be:9f7d:4a14:c4c1, 162.158.163.203', '2022-10-15 23:58:23', '2022-10-15 22:58:23', '2022-10-15 22:58:23'),
(58, 1, '88b1f76243f9e028b161b4bd031147fa6f87a0b344277c0e2c2b160f54e919eb', '2405:9800:b900:2989:70be:9f7d:4a14:c4c1, 162.158.163.203', '2022-10-16 21:45:32', '2022-10-16 20:45:32', '2022-10-16 20:45:32'),
(59, 1, 'b1a64641007fad1167512f0b613f84769330e5cc69a870c6ad473703cf3f76f9', '118.172.173.59, 162.158.163.203', '2022-10-17 23:56:18', '2022-10-17 22:56:18', '2022-10-17 22:56:18'),
(60, 4, 'e4b1c0e4ff1f2cbb5030d8a243006f4099241a4830489dc6085250d50eabba05', '118.172.173.59, 162.158.162.70', '2022-10-17 23:57:44', '2022-10-17 22:57:44', '2022-10-17 22:57:44'),
(61, 1, '67c30051af0bc627bbb5f14c2fa2f88a8b466a88249d2c8d4e64a0a2df6f6b67', '118.172.173.59, 162.158.162.70', '2022-10-17 23:58:00', '2022-10-17 22:58:00', '2022-10-17 22:58:00'),
(62, 1, '87167a536b643275ab99905ccd7407bc9629d670a8c99fe32510514217cf01bc', '159.192.176.212, 162.158.163.203', '2022-10-18 23:02:16', '2022-10-18 22:02:16', '2022-10-18 22:02:16'),
(63, 1, 'ba87449d8da5ef1d02843b64805aebe96c9256b6e22a2cae72e9d2b00d0b89c8', '159.192.176.212, 162.158.163.25', '2022-10-19 00:08:06', '2022-10-18 23:08:06', '2022-10-18 23:08:06'),
(64, 1, '027f45bc1a6eadda4e7fb97ecb89f194191ce00f1e74cb792c3b6beacb66dace', '159.192.176.212, 162.158.163.211', '2022-10-19 01:05:15', '2022-10-19 00:05:15', '2022-10-19 00:05:15'),
(65, 1, '75206b45fdb091275f5f36c7114cc1052d329ec292a6fcddea743a78f941c540', '159.192.179.203, 162.158.163.211', '2022-10-19 21:59:14', '2022-10-19 20:59:14', '2022-10-19 20:59:14'),
(66, 1, 'b78494eb6daf53364f361b277274c9789a1f2bcedabc62c7ddf3174d1a958287', '159.192.179.203, 162.158.163.211', '2022-10-19 22:59:14', '2022-10-19 21:59:14', '2022-10-19 21:59:14'),
(67, 1, '4f213c9d62e984a00002a164e29b113d4a0259dccc2746a1eed74c893561d6db', '159.192.179.203, 162.158.163.25', '2022-10-19 23:36:45', '2022-10-19 22:36:45', '2022-10-19 22:36:45'),
(68, 1, '150e5fee0af44361d53dfa653a1c067707efd55c655e896e9860de2e36b234be', '159.192.179.203, 162.158.163.211', '2022-10-20 00:42:24', '2022-10-19 23:42:24', '2022-10-19 23:42:24'),
(69, 1, '998b86e43f8b91692a7c996bb82b496fe5b518430076fb9d0b22f9f91c55e1d7', '2405:9800:b900:2989:f1b9:a2da:c3e1:f7e8, 162.158.163.203', '2022-10-24 00:08:33', '2022-10-23 23:08:33', '2022-10-23 23:08:33'),
(70, 6, 'a2d2a4032486e2ebe527b516bbf8f64036d5b5a18458fedf6c811b206d6dfd1c', '27.55.70.196, 162.158.162.228', '2022-10-25 23:54:45', '2022-10-25 22:54:45', '2022-10-25 22:54:45'),
(71, 1, 'a10df67968a6384bf4fe78d63bc11f708d339e016995a2d62c43ca7cda340dcb', '159.192.177.85, 162.158.162.94', '2022-10-31 22:12:50', '2022-10-31 21:12:50', '2022-10-31 21:12:50'),
(72, 1, 'a95e96fb440e4011d54beec4cc48bdb2d3190a0c6ee57f359fd6f1102cc16421', '159.192.178.57, 162.158.162.229', '2022-11-03 21:28:45', '2022-11-03 20:28:45', '2022-11-03 20:28:45'),
(73, 1, 'ef0e817e4a3562015c6c25050416c8ed75cd0d6f9bee7790792af7d29d5c2014', '159.192.178.221, 162.158.162.95', '2022-11-08 22:45:50', '2022-11-08 21:45:50', '2022-11-08 21:45:50'),
(74, 1, '2361c92d8c665ef6152b5802a55ea93a59e08a56e1328cbd568e7be16bcba3bd', '159.192.178.221, 162.158.162.95', '2022-11-08 22:57:34', '2022-11-08 21:57:34', '2022-11-08 21:57:34'),
(75, 1, '7b171fcceb8d54e712b34b1fa82b34cbf8b8966ee05a51aee8ee9193a1911857', '159.192.178.221, 162.158.163.182', '2022-11-08 23:00:16', '2022-11-08 22:00:16', '2022-11-08 22:00:16'),
(76, 1, '3c9670154be7b16d7599e4b408e5c7162666fb4dbf3b9701efe1387f6b37962a', '159.192.178.221, 162.158.163.196', '2022-11-08 23:04:52', '2022-11-08 22:04:52', '2022-11-08 22:04:52'),
(77, 1, '6830589e8e8cd9bbc0c33e9dd00d0ecb63c3bed3cfed132ce08bb6129828d409', '159.192.178.221, 162.158.162.95', '2022-11-08 23:06:59', '2022-11-08 22:06:59', '2022-11-08 22:06:59'),
(78, 4, '291d919ac4a2dc731b30b103d325a203fbe11920f120ac42d3ca3c08dbe389b7', '159.192.178.221, 162.158.162.228', '2022-11-08 23:17:50', '2022-11-08 22:17:50', '2022-11-08 22:17:50'),
(79, 1, '5fdf85d3b8551303fbc23ff69a2156502aec6dcea9758713a4e60e79adc8558f', '159.192.178.221, 162.158.163.182', '2022-11-08 23:30:32', '2022-11-08 22:30:32', '2022-11-08 22:30:32'),
(80, 1, '74f33a82c3e16c05153bde6affc03cbbacbb2fb08a70039e1a4f6dff2be9b0b5', '159.192.178.221, 162.158.163.182', '2022-11-08 23:48:46', '2022-11-08 22:48:46', '2022-11-08 22:48:46'),
(81, 1, 'f769dd17b807a76a1a1a936279b4fa9595219ab991a8485a933557361539ad92', '2001:44c8:4480:29c1:ba76:81ae:1904:8664, 162.158.162.95', '2022-11-09 10:01:43', '2022-11-09 09:01:43', '2022-11-09 09:01:43'),
(82, 1, '6d4b7336f103b48012549fc557adbd50ec761898309b04da9c7a34652bdf82b5', '2001:44c8:4480:29c1:ba76:81ae:1904:8664, 162.158.162.229', '2022-11-09 11:35:50', '2022-11-09 10:35:50', '2022-11-09 10:35:50'),
(83, 1, '545c2b455e8b77c0a497a76d92a863600a7665f4f048b9f7dffb3a1877e162b0', '202.28.250.115, 162.158.162.94', '2022-11-09 17:24:18', '2022-11-09 16:24:18', '2022-11-09 16:24:18'),
(84, 1, '6a88ce1b83f3864d106f78ab32b79c3455f2824dbf427d404211e4eb892a501f', '2001:44c8:4480:29c1:ba76:81ae:1904:8664, 162.158.162.94', '2022-11-09 18:26:02', '2022-11-09 17:26:02', '2022-11-09 17:26:02'),
(85, 1, '5eeb84b468199c15e0386a72135ffb0d06d9281968422642befcc41f8aafeb8b', '159.192.179.21, 162.158.162.94', '2022-11-09 20:21:44', '2022-11-09 19:21:44', '2022-11-09 19:21:44'),
(86, 1, '6bcc23e38866e93a92ed783395acf255817a0b66d80643c6e21d329a11a5840e', '212.102.51.242, 162.158.163.182', '2022-11-10 00:18:42', '2022-11-09 23:18:42', '2022-11-09 23:18:42'),
(87, 1, 'aa9f733c9aa8f7dd24aa4172c01ca1f075f0930a7133906c9cab32c7a9845b86', '2001:44c8:4106:1722:178b:b799:45a1:566d, 162.158.162.229', '2022-11-10 13:59:11', '2022-11-10 12:59:11', '2022-11-10 12:59:11'),
(88, 1, 'f31e8ff41efb495040ea4ee639e64615330fedf5feba72e8a9a95095de2d27c5', '202.28.250.112, 162.158.162.228', '2022-11-11 15:49:25', '2022-11-11 14:49:25', '2022-11-11 14:49:25'),
(89, 1, '6810fc4acb263041e281744182ac07c8f81a2ccbd8bfb3f36c750faf952447e6', '188.241.83.107, 162.158.162.229', '2022-11-13 20:27:02', '2022-11-13 19:27:02', '2022-11-13 19:27:02'),
(90, 1, '2d4d06a9fae20621b3e7318e4d170065d1fb7b4d885c6ce0c23e6f554fcee5f6', '202.28.250.122, 162.158.163.196', '2022-11-14 18:23:21', '2022-11-14 17:23:21', '2022-11-14 17:23:21'),
(91, 1, '40ea980df07de13ef49a286230866dafd8a59367fbfa211a389951695d2a5af0', '125.26.252.179, 162.158.162.94', '2022-11-18 00:44:11', '2022-11-17 23:44:11', '2022-11-17 23:44:11'),
(92, 1, 'a2b2cb9750b3bb550a1d69153ed727704729e3ffbb8cd1a2d5738d5bf4b2507f', '118.172.71.178, 162.158.162.95', '2022-11-27 01:06:06', '2022-11-27 00:06:06', '2022-11-27 00:06:06'),
(93, 1, 'e71002acac8d3b570fb117cde911fb0cff0cd22a7655c446cdfffd4c03f27c79', '159.192.178.104, 162.158.162.95', '2022-12-10 00:42:06', '2022-12-09 23:42:06', '2022-12-09 23:42:06'),
(94, 1, 'f233b4a269947b18873e96aa7a48837d8546f1d213cb512247993db7d9925b4d', '159.192.178.235, 162.158.163.196', '2022-12-19 19:54:02', '2022-12-19 18:54:02', '2022-12-19 18:54:02'),
(95, 1, 'ec2f68f872a02e981167e22b07a20a4921fe9e487b717cbcfea1b13919af7980', '159.192.176.146, 162.158.163.232', '2023-01-10 22:24:01', '2023-01-10 21:24:01', '2023-01-10 21:24:01'),
(96, 1, 'f2a08d7f1e10acd6ca143e4b5badd2bacb731de2e17bc8e2d21dfb98e41e49cf', '159.192.176.213, 162.158.162.235', '2023-01-23 23:38:27', '2023-01-23 22:38:27', '2023-01-23 22:38:27'),
(97, 1, 'a4cbbc3056f8e0fc170c4ef3ea9ae3d9d10c3c584369062b10c79bb6d394b7a1', '202.28.250.122, 162.158.162.235', '2023-01-26 17:57:10', '2023-01-26 16:57:10', '2023-01-26 16:57:10'),
(98, 1, '7c059cf595331cffe2a94c714b500f44616948082ed8cde7b8ad06422ed2f0b3', '202.28.250.122, 162.158.162.103', '2023-01-30 16:15:55', '2023-01-30 15:15:55', '2023-01-30 15:15:55'),
(99, 1, '7aa7949861103e58fa9c4197b4f655096c35c9882932192d92e77cff2c5eea67', '159.192.178.95, 162.158.162.235', '2023-01-30 22:12:33', '2023-01-30 21:12:33', '2023-01-30 21:12:33'),
(100, 1, '2c68649977bb116a5e208412b5429f2520cd5fd234be330e79acbc28bb029ceb', '159.192.178.95, 162.158.163.230', '2023-01-30 23:53:47', '2023-01-30 22:53:47', '2023-01-30 22:53:47'),
(101, 1, '386c03ecb5435a6be6f5dce1ee3f5f6641228c4d63378820032b8ebb9f49313c', '159.192.177.171, 162.158.163.53', '2023-01-31 21:23:11', '2023-01-31 20:23:11', '2023-01-31 20:23:11'),
(102, 1, '14eb37a957586c07fa72cdea9649a80bca3e69fd34439a8494bb406b80185944', '159.192.177.171, 162.158.163.231', '2023-01-31 22:24:07', '2023-01-31 21:24:07', '2023-01-31 21:24:07'),
(103, 1, '697e98fc4142ec443fd5052e9c984834a292fd3dfa1cdc15c4ef644e2ec952ab', '159.192.177.171, 162.158.162.103', '2023-02-01 21:02:54', '2023-02-01 20:02:54', '2023-02-01 20:02:54'),
(104, 7, 'ae487c2251ce82a059496bf079609c23287254b69e402002e5d5a21903a7c4a1', '93.177.64.205, 162.158.162.103', '2023-02-09 06:41:52', '2023-02-09 05:41:52', '2023-02-09 05:41:52'),
(105, 1, '10f0b83f1985df49cc2cfa96dc980dae16a8ddc1d366ea472f7822f74b7b5268', '159.192.176.51, 162.158.162.159', '2023-02-20 21:28:40', '2023-02-20 20:28:40', '2023-02-20 20:28:40'),
(106, 1, '5dfb0df4a83ab3c351fc6550f82b200e882c808b61eeb36aab9f615227e889b9', '49.228.237.119, 162.158.162.19', '2023-02-26 15:52:57', '2023-02-26 14:52:57', '2023-02-26 14:52:57'),
(107, 1, '6d45c416eee6245bfd38d6600521c7e1e3c0e0331e0115ea09ef30b1964b627e', '118.175.251.126, 162.158.162.158', '2023-02-26 22:32:47', '2023-02-26 21:32:47', '2023-02-26 21:32:47'),
(108, 1, '8521e1c145c9c1d408d48778fe6484e9c101701fd99ebe639c1476af9730ba1e', '118.175.251.126, 162.158.163.18', '2023-02-26 23:33:31', '2023-02-26 22:33:31', '2023-02-26 22:33:31'),
(109, 1, '033b4a1dbfd3e62139b00f1e273bb4751b9dfbcade0c092f809b516338f1c383', '159.192.177.74, 162.158.162.158', '2023-02-28 19:37:11', '2023-02-28 18:37:11', '2023-02-28 18:37:11'),
(110, 1, '938b108ec670a1cb94d96ddc25867e39081beeb920a0516d529525db29a6d535', '159.192.177.74, 162.158.162.11', '2023-02-28 20:37:30', '2023-02-28 19:37:30', '2023-02-28 19:37:30'),
(111, 1, '3aba75da3777c098a4a5f769df68dcedda2839896b4aa8e72b0795b81949f93a', '159.192.177.74, 162.158.162.158', '2023-02-28 21:37:30', '2023-02-28 20:37:30', '2023-02-28 20:37:30'),
(112, 4, 'dd33e4ce4f7c80e656e4a1501092b919a15e358cd6d9f4e94f1dcb96f6f213c8', '159.192.177.74, 162.158.162.214', '2023-02-28 22:02:05', '2023-02-28 21:02:05', '2023-02-28 21:02:05'),
(113, 1, 'dea8dc22d9d31e864334f73d7bc7a7c44c46981c79a307f66f0f09ad0653e2ed', '159.192.177.74, 162.158.162.214', '2023-02-28 22:02:52', '2023-02-28 21:02:52', '2023-02-28 21:02:52'),
(114, 1, '067b12d02bdadeceed8e6e736772ab53d8f35a7f9788c75c49b2f3988d26a12e', '159.192.178.50, 162.158.162.189', '2023-02-28 23:15:34', '2023-02-28 22:15:34', '2023-02-28 22:15:34'),
(115, 1, 'c2b2f7fc09c81d2d6508a88008772639af663c7aa0d2d3c9b72f4d344e89787c', '159.192.178.50, 162.158.162.11', '2023-03-01 00:16:30', '2023-02-28 23:16:30', '2023-02-28 23:16:30'),
(116, 1, '12247b9f0f2c728c07acddee2996c4b7a4141340d081be69126afee6b0e2936e', '159.192.178.50, 162.158.162.159', '2023-03-01 23:42:07', '2023-03-01 22:42:07', '2023-03-01 22:42:07'),
(117, 1, 'e0dc28cdb4dbaaed60a5f41828f904451ec0f7ac67c2219eeb1e15b60e0da39c', '159.192.178.50, 162.158.162.159', '2023-03-01 23:46:54', '2023-03-01 22:46:54', '2023-03-01 22:46:54'),
(118, 1, '8214792e46efc245ae6d55108e8833d7c7c3c33b1f9b59aef8d684ebf5fb7dee', '202.28.250.82, 162.158.162.158', '2023-03-07 17:46:22', '2023-03-07 16:46:22', '2023-03-07 16:46:22'),
(119, 1, 'e90b9e8f959e03dab9d68f3624c736aa2af85bcfc9c2639d2fbe5c12f0e006ee', '159.192.178.181, 162.158.162.159', '2023-03-07 22:38:04', '2023-03-07 21:38:04', '2023-03-07 21:38:04'),
(120, 1, '4d35d43c21ce02a3ea227c2d803c1b259ac6dc09cb42f839e2fb0d23bb1074d6', '159.192.178.181, 162.158.162.159', '2023-03-08 01:01:16', '2023-03-08 00:01:16', '2023-03-08 00:01:16'),
(121, 1, 'ee58e675b2a8558882d002717adc6590816abba7c3abfa855c858e341c0fd1fa', '159.192.178.181, 162.158.162.10', '2023-03-08 01:57:08', '2023-03-08 00:57:08', '2023-03-08 00:57:08'),
(122, 1, '4ef2426c7b284b8c699a59112bda327caac1e0f2a2f7c9ea924f65466090121d', '159.192.178.181, 162.158.163.18', '2023-03-08 21:22:46', '2023-03-08 20:22:46', '2023-03-08 20:22:46'),
(123, 1, '0e8dded1269cb35477c698ff5c117e2ed3f99a0daaecf108fa26fe05b745f3f2', '159.192.178.181, 162.158.162.10', '2023-03-08 22:23:03', '2023-03-08 21:23:03', '2023-03-08 21:23:03'),
(124, 1, 'e2576f73dc0eff888023f635c3c8b4baaa5529eeb5295b4371e6df67ee9b3e55', '159.192.178.181, 162.158.162.10', '2023-03-08 22:23:03', '2023-03-08 21:23:03', '2023-03-08 21:23:03'),
(125, 1, '26e40096a3275beb270ec8fe37af10145c55cc989589bd522f7ea7e87b63142f', '159.192.178.181, 162.158.162.11', '2023-03-08 22:23:03', '2023-03-08 21:23:03', '2023-03-08 21:23:03'),
(126, 1, 'e92ed3540a8664e83ef17842b88ac6338fff84c3ae72232e73d0be4829431bed', '159.192.178.181, 162.158.162.10', '2023-03-08 22:23:03', '2023-03-08 21:23:03', '2023-03-08 21:23:03'),
(127, 1, '3a706b4dbace67727d2ece85d50d38d9334a0d948219243cb172adba87918382', '159.192.178.181, 162.158.162.233', '2023-03-08 23:23:03', '2023-03-08 22:23:03', '2023-03-08 22:23:03'),
(128, 1, 'd440bcac562b82896564628ae72346e02e19d5983006d3c1bcfd8f465ada718a', '159.192.178.181, 162.158.162.232', '2023-03-08 23:23:03', '2023-03-08 22:23:03', '2023-03-08 22:23:03'),
(129, 1, '85e69c691a282f15230e04789ce5b6b9dd4611dbb88e840d29892e369876c3aa', '159.192.178.181, 162.158.162.232', '2023-03-08 23:23:03', '2023-03-08 22:23:03', '2023-03-08 22:23:03'),
(130, 1, '8082fd5de955077738c937f7d13994787d7b212b718fc2408729e62c6d6a9abd', '159.192.178.181, 162.158.162.233', '2023-03-08 23:23:03', '2023-03-08 22:23:03', '2023-03-08 22:23:03'),
(131, 1, 'e29e102297ab2ffadbcb96535f3df3c427f672d3564a3be66f79147540ceb736', '159.192.178.111, 162.158.163.18', '2023-03-09 01:37:28', '2023-03-09 00:37:28', '2023-03-09 00:37:28'),
(132, 1, '7d387ea42255c0ad1133e9cd6a7cef617efbaa6b43b3aa939b108b2c8f6f7978', '159.192.178.240, 162.158.162.11', '2023-03-11 22:16:51', '2023-03-11 21:16:51', '2023-03-11 21:16:51'),
(133, 1, '36fdf300c846c502d559053e02f5fafaa8385138fcf636427046d2eb8485620f', '159.192.178.240, 162.158.162.233', '2023-03-11 23:17:01', '2023-03-11 22:17:01', '2023-03-11 22:17:01'),
(134, 1, '72e05e4862ae7ee1bd9a1592b77a98b8636ce3f9ddcb55a7e534617fa268c5ea', '159.192.178.240, 162.158.162.159', '2023-03-12 10:56:19', '2023-03-12 09:56:19', '2023-03-12 09:56:19'),
(135, 1, 'a01278d9688043e3076ab1269e41a24b62db8b5e2061c8eec00c0f611a0ac99f', '49.228.240.157, 162.158.162.10', '2023-03-12 14:32:32', '2023-03-12 13:32:32', '2023-03-12 13:32:32'),
(136, 1, '16349036262a28167a249c5677f30f07a67d9592252b7e61e9ed9b119985a10c', '49.228.240.157, 162.158.162.158', '2023-03-12 15:33:01', '2023-03-12 14:33:01', '2023-03-12 14:33:01'),
(137, 1, '7ae4c47e5bab75f454af4972d1a66faca65f4b294f115de7ab9000ed806626ab', '49.228.240.157, 162.158.162.158', '2023-03-12 15:33:01', '2023-03-12 14:33:01', '2023-03-12 14:33:01'),
(138, 1, '0bfe571cb6d3eb8cd095c8e1abd34b3ad26f808601c4958142924f9142cb5f50', '101.51.198.247, 162.158.162.147', '2023-03-12 18:35:25', '2023-03-12 17:35:25', '2023-03-12 17:35:25'),
(139, 1, 'd7b89b80c8e638de2ee01d3f6dc3a65cbd883498a73c7d969bcbef7a5687b7c5', '159.192.179.45, 162.158.162.158', '2023-03-13 23:18:21', '2023-03-13 22:18:21', '2023-03-13 22:18:21'),
(140, 1, '9bab28bba73906a5e39b6dd339740124753278fd93c2422d550f88c141526453', '159.192.179.179, 162.158.162.10', '2023-03-15 22:35:17', '2023-03-15 21:35:17', '2023-03-15 21:35:17'),
(141, 1, 'bc5ddbdcc95d117cef3b524439f643ff8aa9200ea47e4588b2b44f88bedc8374', '159.192.179.179, 162.158.163.17', '2023-03-15 23:36:00', '2023-03-15 22:36:00', '2023-03-15 22:36:00'),
(142, 1, 'f7c1a7b3b923277c4a01c9793caa2566b9d408188aea7e87413b5fdb71a497df', '159.192.177.66, 162.158.162.10', '2023-03-18 22:20:11', '2023-03-18 21:20:11', '2023-03-18 21:20:11'),
(143, 1, 'b8fb8f1147faa94923ddc0c49cfcfee2d12b90b1baf1e0a0b28173aa95c2f517', '118.172.58.109, 162.158.163.17', '2023-04-02 19:25:16', '2023-04-02 18:25:16', '2023-04-02 18:25:16'),
(144, 1, '4850bf7e7e760c06b5005c224d2fa179a7c525a155922075f33945e5f72064d1', '118.174.83.33, 162.158.163.17', '2023-04-12 21:31:50', '2023-04-12 20:31:50', '2023-04-12 20:31:50'),
(145, 1, '50a0715bd9040443cb900f044feeaa23672dd7498e941e171db6263f74817e9e', '118.174.83.33, 162.158.162.11', '2023-04-12 23:14:04', '2023-04-12 22:14:04', '2023-04-12 22:14:04'),
(146, 1, 'bec97f1b353bf27c294c06ab3215e80ba4dc6e8cf75de01d8664fee13d76c321', '125.25.93.173, 162.158.163.17', '2023-04-13 23:30:25', '2023-04-13 22:30:25', '2023-04-13 22:30:25'),
(147, 1, '7daee1f97d6addf31ca9303bd99622002728e2804b914113e533f0b59f86102d', '1.10.251.123, 162.158.162.11', '2023-04-14 00:30:25', '2023-04-13 23:30:25', '2023-04-13 23:30:25'),
(148, 1, '9ae29e4c72710c4566d36417070cd9acbb2b08a936e5e67fffe6267bc7268dff', '1.10.251.123, 162.158.162.11', '2023-04-14 01:33:52', '2023-04-14 00:33:52', '2023-04-14 00:33:52'),
(149, 1, '3b75359282b71a487c32d495fc940db9f0d79b97cb104cdba170af1f7a0e5f38', '1.10.251.123, 162.158.163.18', '2023-04-14 17:00:00', '2023-04-14 16:00:00', '2023-04-14 16:00:00'),
(150, 1, '93697a34c5bdeb768e49c00cc0c07545f58dd7f7d2772c3a95bc0c01665d9a27', '159.192.179.37, 162.158.162.244', '2023-04-15 00:31:23', '2023-04-14 23:31:23', '2023-04-14 23:31:23'),
(151, 1, 'e3a20e9fff50e7037016c094b9fa765ed984ea06b63a8e2a4d8150f13f34e9f6', '159.192.179.37, 162.158.162.158', '2023-04-15 01:31:29', '2023-04-15 00:31:29', '2023-04-15 00:31:29'),
(152, 1, '43a35b39b5d2d6052a295b6f53e19ce2dab76fe836f5ea9d94f276bac264a3da', '159.192.179.37, 162.158.162.10', '2023-04-15 02:36:44', '2023-04-15 01:36:44', '2023-04-15 01:36:44'),
(153, 1, 'c16aec013745646a4deb6918b1b3dd212028002520fa39cf3ba886637c57e277', '169.150.218.72, 162.158.163.46', '2023-04-15 13:05:36', '2023-04-15 12:05:36', '2023-04-15 12:05:36'),
(154, 1, '2c8967053e76bd525b63d0dab7c57eb494b6f7a5aa9d7c50b7e93cd19ec1cd71', '159.192.179.37, 162.158.163.17', '2023-04-15 14:06:27', '2023-04-15 13:06:27', '2023-04-15 13:06:27'),
(155, 1, '9f1ceadf8249429730f233a3b8e30781ca18db5c02a562392006b6b63c668c43', '159.192.179.37, 162.158.162.159', '2023-04-15 15:06:27', '2023-04-15 14:06:27', '2023-04-15 14:06:27'),
(156, 1, '4b81e2d9612e6761c42958296fe80875d98682bc918cc3905da6f6e54878e8d5', '159.192.179.37, 162.158.162.10', '2023-04-15 16:06:27', '2023-04-15 15:06:27', '2023-04-15 15:06:27'),
(157, 1, '7a8b3dfa966d982bdbc0901d5d81792220c30fe7f35256dbf9e588ac7ea32c7b', '159.192.177.94, 162.158.162.158', '2023-04-15 21:26:23', '2023-04-15 20:26:23', '2023-04-15 20:26:23'),
(158, 1, '268c565097d8100e329b423b3c29a79d3f290aaa0104cd1cd84fa10118ce3d20', '159.192.177.94, 162.158.162.158', '2023-04-15 22:17:53', '2023-04-15 21:17:53', '2023-04-15 21:17:53'),
(159, 1, 'c9b684fc30e6856c27867a8c0701d3ebce5e676e27d868dcd1522210a70bfeeb', '159.192.177.94, 162.158.162.233', '2023-04-15 22:22:00', '2023-04-15 21:22:00', '2023-04-15 21:22:00'),
(160, 1, 'abbfc413f8418617b97014c6b06e462504f871035c775ee043cc691f530c5864', '159.192.177.94, 162.158.163.17', '2023-04-15 23:38:25', '2023-04-15 22:38:25', '2023-04-15 22:38:25'),
(161, 1, '4c8b02907c81b101645cfcb84bda497e55739751e89cfeb1d704c617e945802f', '159.192.177.94, 162.158.163.17', '2023-04-16 00:19:14', '2023-04-15 23:19:14', '2023-04-15 23:19:14'),
(162, 1, 'ab58ba4ae40460b965ab43491940b69edfb5e62d0c8dfd63702885c456dac497', '159.192.177.94, 162.158.162.232', '2023-04-16 01:19:39', '2023-04-16 00:19:39', '2023-04-16 00:19:39'),
(163, 1, 'd0775ed09a70128e82f4d4c71c8857b70308880b6702b7f2506c82ac16eee2e4', '159.192.177.94, 162.158.163.17', '2023-04-16 02:46:26', '2023-04-16 01:46:26', '2023-04-16 01:46:26'),
(164, 1, 'b672a0c2efff63544ac64a50e2ccc2221bf712242a4e1c1b8a9fcc68e171f0a5', '159.192.177.94, 162.158.162.158', '2023-04-16 10:52:07', '2023-04-16 09:52:07', '2023-04-16 09:52:07'),
(165, 1, 'a9134eb8b266493662e81d171eba3a17d6153008783ff1915eafd600827f0179', '49.228.238.169, 162.158.163.18', '2023-04-16 15:42:16', '2023-04-16 14:42:16', '2023-04-16 14:42:16'),
(166, 1, 'b6c2915f124cb7196bbe90962f3fe091ef98b32fdd8a42b31905f2cd0f29cede', '49.228.238.169, 162.158.162.11', '2023-04-16 16:55:31', '2023-04-16 15:55:31', '2023-04-16 15:55:31'),
(167, 1, '7442e6282e0b2cce36c9683dd4b904ea88df797dbb6592a5803a1597615fa3a9', '159.192.177.94, 162.158.162.232', '2023-04-16 21:37:25', '2023-04-16 20:37:25', '2023-04-16 20:37:25'),
(168, 1, '25a3dce1f4bfa6268f4b87c785ffe7f6f3c9031175321c3429456849b0772d85', '159.192.177.94, 162.158.162.146', '2023-04-16 23:08:02', '2023-04-16 22:08:02', '2023-04-16 22:08:02'),
(169, 1, '0298e7e944b388f907cc238411c27d634558794106b96abafe1358ae53af46ce', '159.192.177.94, 162.158.162.129', '2023-04-17 02:10:13', '2023-04-17 01:10:13', '2023-04-17 01:10:13'),
(170, 1, 'd3ccfab7b061a2561d197c5bd801a85895eab8b94b05923cbd68a9eeb1419617', '159.192.177.94, 162.158.162.232', '2023-04-17 14:32:20', '2023-04-17 13:32:20', '2023-04-17 13:32:20'),
(171, 1, '70ee33e2a023c981166680043d2b817b06c934241c2a2b73ac6e03991add777d', '125.27.136.123, 162.158.162.158', '2023-04-17 19:42:08', '2023-04-17 18:42:08', '2023-04-17 18:42:08'),
(172, 1, '232d4307d729c1a8b678bdaaad638b8373d01112c76f4fd1ef48d14d4809a0c7', '125.27.136.123, 162.158.162.159', '2023-04-17 20:47:22', '2023-04-17 19:47:22', '2023-04-17 19:47:22'),
(173, 1, '6d69e9f9639b82cc80d3dd7781d5fa6ca8ac8ef5926ad3320f9fb0fabd989bc2', '125.27.136.123, 162.158.163.17', '2023-04-17 21:57:08', '2023-04-17 20:57:08', '2023-04-17 20:57:08'),
(174, 1, '567053993d6d17b9640d1d0dd4c6e970d1d7e654cb8b4cfe92129791c5482a08', '118.172.35.100, 162.158.162.11', '2023-04-17 23:19:28', '2023-04-17 22:19:28', '2023-04-17 22:19:28'),
(175, 1, 'c250bcebf26a963dc747cac13dd14686a26a97ba4179c52cac0746291b9a1e28', '118.172.35.100, 162.158.163.17', '2023-04-18 00:22:12', '2023-04-17 23:22:12', '2023-04-17 23:22:12'),
(176, 1, 'b64b26855b5fe172360ec1143269c42be2d917eab6f938c2253888babf3d70bf', '118.174.102.157, 162.158.162.159', '2023-04-20 00:42:43', '2023-04-19 23:42:43', '2023-04-19 23:42:43'),
(177, 1, '0f5b1f8d7659b3fb9ebd8a859a409aba09321dd4c8b3d2efa9ad1a7755d3e7cd', '182.52.71.252, 162.158.162.10', '2023-04-20 21:38:19', '2023-04-20 20:38:19', '2023-04-20 20:38:19'),
(178, 1, 'e2c08325de3a9d88e06d9c768e0cca54ff929df419d8d33c533338f502dc29ed', '118.174.84.58, 162.158.162.233', '2023-04-21 16:16:37', '2023-04-21 15:16:37', '2023-04-21 15:16:37'),
(179, 1, '82357c3cbc5bd395a86208a80f16f1f545d79b596263bcab1a2ef53562d21a09', '118.174.84.58, 162.158.162.232', '2023-04-21 16:26:05', '2023-04-21 15:26:05', '2023-04-21 15:26:05'),
(180, 1, '726d70c4ecec88be9a629c684da391731eacc5f88f68447307a729571e9cc831', '159.192.176.152, 162.158.162.159', '2023-04-22 22:56:34', '2023-04-22 21:56:34', '2023-04-22 21:56:34'),
(181, 1, '789f50d276895a8ef0b0d72734709d7bd0e621a6ba90e218f5d758974b5cd884', '49.228.240.236, 162.158.162.159', '2023-04-23 16:26:23', '2023-04-23 15:26:23', '2023-04-23 15:26:23'),
(182, 1, '7b90f9d2746d05ad90673e583617446d90f21d7616f6a2d2278f3d21a7068ff5', '182.232.121.214, 162.158.163.18', '2023-04-23 20:27:09', '2023-04-23 19:27:09', '2023-04-23 19:27:09'),
(183, 1, '753ab69790e8f6e9305d527e03ce1e38ad82ffd9672c71ae78990f4a44d862cd', '101.51.196.81, 162.158.162.122', '2023-04-23 21:27:09', '2023-04-23 20:27:09', '2023-04-23 20:27:09'),
(184, 1, '596b8db8dfb89458b29b8beb9619c16edd37d5f8ad555ecefb0abeabb541e390', '101.51.196.81, 162.158.162.197', '2023-04-23 22:27:58', '2023-04-23 21:27:58', '2023-04-23 21:27:58'),
(185, 1, 'a28ccd1068c220d570f56fecbe670ce1a8d666c2361d0d58c8b0436743a40108', '101.51.196.81, 162.158.162.196', '2023-04-23 22:27:58', '2023-04-23 21:27:58', '2023-04-23 21:27:58'),
(186, 1, 'c02b0b0806f3cf13fb973a9ef42ece22ef5b639d92a25787bef3e21b05048da6', '101.51.196.81, 162.158.162.197', '2023-04-23 22:27:58', '2023-04-23 21:27:58', '2023-04-23 21:27:58'),
(187, 1, '296e978010d8d19a16e534b2d311f03eac66337693f5f8896ad1747ef6a4edb0', '101.51.196.81, 162.158.162.225', '2023-04-23 23:53:53', '2023-04-23 22:53:53', '2023-04-23 22:53:53'),
(188, 1, 'ad543a2bed6e24498b81b8733a4c5973d680b1953afc62b7865d0659c83feb1d', '1.2.239.253, 162.158.162.123', '2023-04-24 14:01:49', '2023-04-24 13:01:49', '2023-04-24 13:01:49'),
(189, 1, '880f33db1a8a92143cab3075c60b36a1bd37ada0d40d79829cdf0d225782d0a3', '1.2.239.253, 162.158.162.11', '2023-04-24 20:21:30', '2023-04-24 19:21:30', '2023-04-24 19:21:30'),
(190, 1, 'a2b69ed86b948987c9811653b37852df2766f81dfd6b2e5226d7e53d7244922d', '1.2.239.253, 162.158.162.10', '2023-04-24 20:38:56', '2023-04-24 19:38:56', '2023-04-24 19:38:56'),
(191, 1, '33cdf4de2cc86beac0d24f06cdd2a8d403aef8463c7486ce37bf615707992d94', '1.2.239.253, 162.158.163.17', '2023-04-24 21:38:58', '2023-04-24 20:38:58', '2023-04-24 20:38:58'),
(192, 1, 'a64ebc814cff16c111e84c76aef31b7bea8467d8d36062db44fdeb987cac6662', '1.2.239.253, 162.158.163.18', '2023-04-24 21:38:58', '2023-04-24 20:38:58', '2023-04-24 20:38:58'),
(193, 1, '6b06e6aa203f28ac9377ab119004e7c38c304671d83724d80ef2f70e9f1f6455', '1.2.239.253, 162.158.162.11', '2023-04-24 22:38:58', '2023-04-24 21:38:58', '2023-04-24 21:38:58'),
(194, 1, '3c6e1578f5b2af10941db15cd8d8305189d354e3724a22b25b40704381df3f6f', '1.2.239.253, 162.158.162.10', '2023-04-24 22:38:58', '2023-04-24 21:38:58', '2023-04-24 21:38:58'),
(195, 1, '51caa60de9954e483d6a264dd77dfe86edf00c5402b40ed7b82189017b1ca533', '1.2.239.253, 162.158.162.11', '2023-04-24 23:44:29', '2023-04-24 22:44:29', '2023-04-24 22:44:29'),
(196, 1, '03369f88c0e983b7c8c600984e9ca47ab2e6c34a9c0c56553fe34c655834eac8', '1.2.239.253, 162.158.163.18', '2023-04-25 09:29:16', '2023-04-25 08:29:16', '2023-04-25 08:29:16'),
(197, 1, '624a1905a74feb79b0b8f9c34c207970d514e0a8c380c11c6fbef4ab7b30b4f3', '159.192.177.112, 172.22.0.2', '2023-04-30 01:10:09', '2023-04-30 00:10:09', '2023-04-30 00:10:09'),
(198, 1, 'e710ce22be73881bdb9c2ef16457648328b9b2266f477443f831ac9fa0742bfa', '1.179.242.223, 172.22.0.2', '2023-05-01 01:38:22', '2023-05-01 00:38:22', '2023-05-01 00:38:22'),
(199, 1, '28c9be28ed6213bf17e750f530ce6386690f0dac0a0da1ffd6b23dff73c6a56c', '202.28.250.100, 172.22.0.2', '2023-05-08 11:28:32', '2023-05-08 10:28:32', '2023-05-08 10:28:32'),
(200, 1, 'ad326523e3cf8ced3089c647685d0f6cfc242c02d0bd227e477c99a6d151386d', '159.192.179.118, 172.22.0.2', '2023-05-13 01:10:38', '2023-05-13 00:10:38', '2023-05-13 00:10:38'),
(201, 1, '428a1210b07481eca599f32cc5a59f1fe51c8be08704f6f17c80e2c26371a43a', '49.48.38.226, 172.22.0.2', '2023-05-14 01:17:29', '2023-05-14 00:17:29', '2023-05-14 00:17:29'),
(202, 1, '87cf47d97c082ac1fe82f80786972ea1c253a80bdd9eebbd8c70a7891419e04f', '159.192.176.236, 172.22.0.3', '2023-05-24 00:32:41', '2023-05-23 23:32:41', '2023-05-23 23:32:41'),
(203, 1, '0b0ceab3c2a36e14a569ee42062483e5765692da63d291c7161ff2e69675ab0e', '2405:9800:b901:329d:acc6:67f9:dfc6:60db, 172.22.0.3', '2023-05-29 22:55:08', '2023-05-29 21:55:08', '2023-05-29 21:55:08'),
(204, 1, '57b2a24eb2bd4f08ecd21ca86550ad53d12ee80f8a1f62d645d1ab5332eee19b', '2405:9800:b901:329d:4d7e:88c1:f3c3:d960, 172.22.0.3', '2023-05-31 22:43:36', '2023-05-31 21:43:36', '2023-05-31 21:43:36'),
(205, 1, 'a38fd92d1cb85c7efa69e3a4a97371c036a8de2d7a4e8af40201064e0e6c47cf', '49.237.38.110, 172.22.0.3', '2023-06-10 12:26:18', '2023-06-10 11:26:18', '2023-06-10 11:26:18'),
(206, 1, 'fa740575ec399b4d528852846851b4a8cb2f88f972c9fb9ef21cd4baed64dadb', '49.237.38.110, 172.22.0.3', '2023-06-10 13:26:44', '2023-06-10 12:26:44', '2023-06-10 12:26:44'),
(207, 1, 'c27e2f25505a454f04aa95ceccfc4b46b290b32614fdec3cc853a1c164f39aa7', '49.237.38.110, 172.22.0.3', '2023-06-10 14:27:43', '2023-06-10 13:27:43', '2023-06-10 13:27:43'),
(208, 1, '3e79e1f43d74472d9ab5bf02ee40cb33a9794ff69ea9508f1c08319fe40e66f7', '49.237.38.110, 172.22.0.3', '2023-06-10 14:27:44', '2023-06-10 13:27:44', '2023-06-10 13:27:44'),
(209, 1, 'bed0cc1ef42fc34122c73fc588f3e7790aa2f2e22d2b38d62d8317ac9f4c5321', '49.228.242.140, 172.22.0.3', '2023-06-13 22:32:16', '2023-06-13 21:32:16', '2023-06-13 21:32:16'),
(210, 1, '90ba7cb0c8ad73ca6cc66c5860322decdb21cb54bbb80097d7c8969c463a9787', '49.228.242.140, 172.22.0.3', '2023-06-13 23:02:58', '2023-06-13 22:02:58', '2023-06-13 22:02:58'),
(211, 1, 'ed50bfaf2c9d97efec48836b166387e9b3d12fa7208c50ddad79035be9e4f6dd', '49.228.238.190, 172.22.0.3', '2023-06-17 15:30:47', '2023-06-17 14:30:47', '2023-06-17 14:30:47'),
(212, 1, '3ecccff2ad087c2ac7f7e35125aae00222c7976b432a91ea81762e504ca39052', '49.228.238.190, 172.22.0.3', '2023-06-17 16:30:55', '2023-06-17 15:30:55', '2023-06-17 15:30:55'),
(213, 1, 'dcefd9b7ec6396a4fc74d9ee109a4044974a92c925dac84e7757641ee6e04402', '49.228.238.190, 172.22.0.3', '2023-06-17 16:30:56', '2023-06-17 15:30:56', '2023-06-17 15:30:56'),
(214, 1, '3bd2c3fed3240b9e255ea181f6f343d0e1c9eab0714f8450e4e2e9d7e632c821', '49.228.238.190, 172.22.0.3', '2023-06-17 18:21:12', '2023-06-17 17:21:12', '2023-06-17 17:21:12'),
(215, 1, 'eddc9acc81c1d53b28b89932c0be888bf2d88a6849482e7c2540893b503aa277', '49.228.238.190, 172.22.0.3', '2023-06-17 19:21:23', '2023-06-17 18:21:23', '2023-06-17 18:21:23'),
(216, 1, '40e07842257e4e6114c1a27cc55c8cefe8686b0de3e80a7939b642a783ffc4b1', '49.228.238.190, 172.22.0.3', '2023-06-18 12:46:05', '2023-06-18 11:46:05', '2023-06-18 11:46:05'),
(217, 1, 'b8430eec1180973ca384517616cb33bc9428f0f5b6962241c7a0587ad414c7e6', '202.28.250.83, 172.22.0.3', '2023-06-22 15:48:46', '2023-06-22 14:48:46', '2023-06-22 14:48:46'),
(218, 1, '50eb7284d527412787adaf3adc218af2f75c09a627f2ecb23347d21cae4a85ae', '49.228.239.57, 172.22.0.3', '2023-06-25 13:53:21', '2023-06-25 12:53:21', '2023-06-25 12:53:21'),
(219, 1, '2fe932a092e6b84deb7243eb04e1e6f43504a6c5ac84aa3174c9a212769d8f10', '49.228.239.57, 172.22.0.3', '2023-06-25 14:53:23', '2023-06-25 13:53:23', '2023-06-25 13:53:23'),
(220, 1, '9d07b73b85b0a6790471e822eb5405d6f29ed18eed29397874f9c47faacec4d4', '49.228.239.57, 172.22.0.3', '2023-06-25 14:53:24', '2023-06-25 13:53:24', '2023-06-25 13:53:24'),
(221, 1, 'e79527381b1866bed4ec32d97ca37c5312ae3f701ea74fad16b8c217b46ab6be', '49.228.239.57, 172.22.0.3', '2023-06-25 15:54:24', '2023-06-25 14:54:24', '2023-06-25 14:54:24'),
(222, 1, '53b8e5c8e480ba1ffc266cdd6edabf22861a11fa07a4b9d82937329e11e4190f', '49.228.239.57, 172.22.0.3', '2023-06-25 16:54:31', '2023-06-25 15:54:31', '2023-06-25 15:54:31'),
(223, 1, '55567ff6055c875f7172cda9b208b2a2a58689ebe8923768c012b029be8eb7b9', '49.228.239.57, 172.22.0.3', '2023-06-25 17:43:37', '2023-06-25 16:43:37', '2023-06-25 16:43:37'),
(224, 1, '526d6c4de6199c13ba47a9496422d8dd632a0cce93887f466cfcbc090294e6c2', '49.228.239.57, 172.22.0.3', '2023-06-25 18:43:40', '2023-06-25 17:43:40', '2023-06-25 17:43:40'),
(225, 1, 'd6f0c4a36a01d6a636e18fbae9d1dbca37a55f1b0d955e44860382d3b3a57ba2', '49.228.239.57, 172.22.0.3', '2023-06-25 20:36:22', '2023-06-25 19:36:22', '2023-06-25 19:36:22'),
(226, 1, 'bc6ab129ddb611e43c86b5d923188b2ad4d66a1d197e3259267e127d64fabf95', '49.228.239.57, 172.22.0.3', '2023-06-25 23:27:24', '2023-06-25 22:27:24', '2023-06-25 22:27:24'),
(227, 1, 'f2912cf5fd351d2f0328e9e270b491288bf762e32f9b4f22a782364852ef7d8a', '2405:9800:b901:329d:c463:3f4b:d52a:1caf, 172.22.0.3', '2023-06-30 09:10:20', '2023-06-30 08:10:20', '2023-06-30 08:10:20'),
(228, 1, '8b19dd6d3f939a1423ebf256a37928c8725fb99d9c7f78345ba66ffe17014c71', '49.228.236.35, 172.22.0.3', '2023-07-01 10:07:44', '2023-07-01 09:07:44', '2023-07-01 09:07:44'),
(229, 1, '196a3f27ea09894ef4bac87cfb6fa3d07f056b78411af1e6bffd1e8c012433f2', '49.228.236.35, 172.22.0.3', '2023-07-01 11:07:54', '2023-07-01 10:07:54', '2023-07-01 10:07:54'),
(230, 1, '8e107767cf8253da1df977a91dc08ea65b5cf0ed5ed29fbb6051688e726bfac1', '49.228.236.35, 172.22.0.3', '2023-07-01 12:08:40', '2023-07-01 11:08:40', '2023-07-01 11:08:40'),
(231, 1, '20c10d30f1ca2772e639d9065bd7be133d1a9755341812b5a3af4249367a64db', '49.228.236.35, 172.22.0.3', '2023-07-01 13:09:40', '2023-07-01 12:09:40', '2023-07-01 12:09:40'),
(232, 1, '6e4d1c7f0796822d643bba689775c81890ba43bae76c371898b9faf46dd4c517', '49.228.236.35, 172.22.0.3', '2023-07-01 13:09:40', '2023-07-01 12:09:40', '2023-07-01 12:09:40'),
(233, 1, '4e2c4851fd7bf5ff9b3aa8cda30e12237e9354c7e17f883893db276743ed2718', '49.228.236.35, 172.22.0.3', '2023-07-01 13:09:40', '2023-07-01 12:09:40', '2023-07-01 12:09:40'),
(234, 1, 'b2ccccc8a2f0be6ed476b13aeecff7fe24aa373aa1f235c323dc44739271c518', '49.228.236.35, 172.22.0.3', '2023-07-01 13:09:40', '2023-07-01 12:09:40', '2023-07-01 12:09:40'),
(235, 1, 'ffc7b2feb52d906e6b8ab9cb9a6fd65aba89f67b42075be3fceade3a43b2977b', '49.228.236.35, 172.22.0.3', '2023-07-01 14:10:40', '2023-07-01 13:10:40', '2023-07-01 13:10:40'),
(236, 1, 'ed70c0a531c7257a286b93519fca3ca9a55f51f31f765a7d4cd73fac364b5e84', '49.228.236.35, 172.22.0.3', '2023-07-01 14:10:40', '2023-07-01 13:10:40', '2023-07-01 13:10:40'),
(237, 1, '44efa208033eb17679e047c686946911893622965f1de0e70c07edf2a2bc7797', '49.228.236.35, 172.22.0.3', '2023-07-01 14:10:40', '2023-07-01 13:10:40', '2023-07-01 13:10:40'),
(238, 1, 'bc99b594de908a680dfbab298fc43f56bf795dacb1cde96d528fd67989678271', '49.228.236.35, 172.22.0.3', '2023-07-01 14:10:40', '2023-07-01 13:10:40', '2023-07-01 13:10:40'),
(239, 1, '08e2f160136fe7c12487a368a234b50c56b4fe96a864889c9ec904b104ad231a', '49.228.236.35, 172.22.0.3', '2023-07-01 14:10:40', '2023-07-01 13:10:40', '2023-07-01 13:10:40'),
(240, 1, '6b2a78dcf4a46d65172d634344676febb0b89fd7688b60a336922688247f6629', '49.228.236.35, 172.22.0.3', '2023-07-01 15:11:41', '2023-07-01 14:11:41', '2023-07-01 14:11:41'),
(241, 1, 'fede5a5a7f0dbdd77b05258bf34ecae61fa10ecceb7059fce42c8c3ab7e0ed82', '49.228.236.35, 172.22.0.3', '2023-07-01 15:11:41', '2023-07-01 14:11:41', '2023-07-01 14:11:41'),
(242, 1, '747602d890b31f4870e5ab4884a44363891d6abe8a3562aa4d6a941399d23978', '49.228.236.35, 172.22.0.3', '2023-07-01 15:11:41', '2023-07-01 14:11:41', '2023-07-01 14:11:41'),
(243, 1, 'a59d60a6aedc84296b97570c53cedfd815f99f7fa751d8d6e808fa7b883af87a', '49.228.236.35, 172.22.0.3', '2023-07-01 15:11:41', '2023-07-01 14:11:41', '2023-07-01 14:11:41'),
(244, 1, '1b34d49427983d3def61d2b978c429b4f927cd759f585ae655364d77354ae375', '49.228.236.35, 172.22.0.3', '2023-07-01 15:11:41', '2023-07-01 14:11:41', '2023-07-01 14:11:41'),
(245, 1, '5ce3d46d1c6596dcc04d1549004da5aae81388192d9dcfec72a9d31935888047', '49.228.236.35, 172.22.0.3', '2023-07-01 16:12:41', '2023-07-01 15:12:41', '2023-07-01 15:12:41'),
(246, 1, 'fd0cb88fb149e27fe3ca0cec5d1a72b9a7f951de5886d019cd4cf7b54846c35b', '49.228.236.35, 172.22.0.3', '2023-07-01 16:12:41', '2023-07-01 15:12:41', '2023-07-01 15:12:41'),
(247, 1, '1aab2f2d720e998f362faa71950aafe78f8bcf909db742d529e09cc719be0bed', '49.228.236.35, 172.22.0.3', '2023-07-01 16:12:41', '2023-07-01 15:12:41', '2023-07-01 15:12:41'),
(248, 1, '78eb0208617107557d739554a65b9dc996b926731479e357e94b4d3011baec53', '49.228.236.35, 172.22.0.3', '2023-07-01 16:12:41', '2023-07-01 15:12:41', '2023-07-01 15:12:41'),
(249, 1, '68d024cb648b3da08c82309f7ce835b0974dfc4dbea7d4c1ab022464681ae552', '49.228.236.35, 172.22.0.3', '2023-07-01 16:12:41', '2023-07-01 15:12:41', '2023-07-01 15:12:41'),
(250, 1, '00e03094e9937fb169ded2b91c49287c9d65d276af7d2aab2ce86bccbe037a86', '49.228.236.35, 172.22.0.3', '2023-07-02 09:11:11', '2023-07-02 08:11:11', '2023-07-02 08:11:11'),
(251, 1, '6d1450948ef53421f5bf27954132643c543e7316ff874465ad8bf40146b51794', '49.228.236.35, 172.22.0.3', '2023-07-02 15:46:06', '2023-07-02 14:46:06', '2023-07-02 14:46:06'),
(252, 1, '5d44818254c7c313d5fd577a69067ba8c41f7223ebd7b41fea850209c9f5a502', '49.228.236.35, 172.22.0.3', '2023-07-02 16:46:43', '2023-07-02 15:46:43', '2023-07-02 15:46:43'),
(253, 1, '7e42e8ef0d74f64929b8345bdace466b39e6ad2385d0953ec1ec3e2d9503e644', '49.228.236.35, 172.22.0.3', '2023-07-02 17:47:43', '2023-07-02 16:47:43', '2023-07-02 16:47:43'),
(254, 1, '7968f4d0ae8ef7e5cf2b665908e5f6d50351f8247c017ab244de3d069dfefe6f', '49.228.236.35, 172.22.0.3', '2023-07-03 20:47:43', '2023-07-03 19:47:43', '2023-07-03 19:47:43'),
(255, 1, '6348132c1849925d5629f4492abeb3994366ec9b25e1142b95b714fd3a28dfb1', '49.228.246.188, 172.22.0.3', '2023-07-08 16:03:19', '2023-07-08 15:03:19', '2023-07-08 15:03:19'),
(256, 1, '2c6d12f5fb2024396a0c1623862dbd0728a7ec1854882cbc89ac6b8a7d072a3c', '49.228.246.188, 172.22.0.3', '2023-07-08 17:16:37', '2023-07-08 16:16:37', '2023-07-08 16:16:37'),
(257, 1, '30d85725f2f08b865d6d611e8c16d3339452225c9f5fbaabd6b77722f4f1a30d', '202.28.251.61, 172.22.0.2', '2023-07-11 17:17:19', '2023-07-11 16:17:19', '2023-07-11 16:17:19'),
(258, 1, 'db8917d0d3020fd4a8e90c370e32fed0ef0211b4dff57e2090e682df6d6c9207', '2405:9800:b901:329d:802e:aafc:5ef9:f97, 172.22.0.2', '2023-07-18 19:02:17', '2023-07-18 18:02:17', '2023-07-18 18:02:17'),
(259, 1, '4eb3407475fb374ff105d12acad7a36c4215bd82083eda2b34c2ddd5896d767d', '49.228.238.192, 172.22.0.2', '2023-07-19 21:35:15', '2023-07-19 20:35:15', '2023-07-19 20:35:15'),
(260, 1, 'd51811fd5db258109f7220ed0ded2dfef6c9532c26ffa70810476e2854bc0ae8', '49.228.237.193, 172.22.0.2', '2023-07-29 15:13:24', '2023-07-29 14:13:24', '2023-07-29 14:13:24'),
(261, 1, '53093402a5683c067efe0add3899f2083ce7968babd557c2bcfa658224a3bb89', '49.228.237.193, 172.22.0.2', '2023-07-29 16:17:05', '2023-07-29 15:17:05', '2023-07-29 15:17:05'),
(262, 1, '3116ebd82abfc6cc1319f863efb2685c61ec380f565ff53d74f905f5ba312eaf', '49.228.237.193, 172.22.0.2', '2023-07-29 17:17:47', '2023-07-29 16:17:47', '2023-07-29 16:17:47'),
(263, 1, '685454fc0440a63eff6f47c22a9313fffed3c6dd779a4f5d1d19ae267e74c611', '49.228.237.193, 172.22.0.2', '2023-07-29 18:18:47', '2023-07-29 17:18:47', '2023-07-29 17:18:47'),
(264, 1, '4a33a38c4162f386c5d83d78c4e2edabf558bb210145b253bc03f10e7f2932ba', '49.228.237.193, 172.22.0.2', '2023-07-29 19:19:48', '2023-07-29 18:19:48', '2023-07-29 18:19:48'),
(265, 1, '51b8f48274e1e90a66f20faf351472ee3369bf91c47ea50ab14a19b12dc911ec', '49.228.237.193, 172.22.0.2', '2023-07-29 21:36:03', '2023-07-29 20:36:03', '2023-07-29 20:36:03'),
(266, 1, 'b63d2eaeb5a79dc9881eab63d8ec07d6d128d2fff52af0d0c05dafda12899b52', '2405:9800:b900:7255:f1a6:fcc8:efce:75b1, 172.22.0.2', '2023-07-31 14:59:37', '2023-07-31 13:59:37', '2023-07-31 13:59:37'),
(267, 1, 'dd11bad58e5c607b67eb7df9d1427ebf18415dd2f7b72f93f7b1bf94df76af7a', '2405:9800:b900:7255:9930:b914:e4e6:372b, 172.22.0.2', '2023-08-03 22:55:17', '2023-08-03 21:55:17', '2023-08-03 21:55:17'),
(268, 1, 'cd2b352f1fe485e41419b687f3668474f1f6363fa29ceabc81adc4b56bcbb4f9', '49.228.241.128, 172.22.0.2', '2023-08-05 22:40:05', '2023-08-05 21:40:05', '2023-08-05 21:40:05'),
(269, 1, '1c59bf28259c0e941f208db06d45b298b7874d66859c8e054fd97b292a527a55', '202.28.251.48, 172.22.0.2', '2023-08-08 15:31:52', '2023-08-08 14:31:52', '2023-08-08 14:31:52'),
(270, 1, 'e72adad1f987f299c68551af45f9a7b40f91d853b3e748277aeb81a7feeb9849', '2405:9800:b900:7255:1ca3:444f:282c:351b, 172.22.0.2', '2023-09-03 11:58:55', '2023-09-03 10:58:55', '2023-09-03 10:58:55'),
(271, 1, '7498ee1062455f7a5733dcbc657eddd8fd42f33b495ee5e39d29532bf78d96a6', '2405:9800:b900:7255:1540:6923:4872:cf40, 172.22.0.2', '2023-09-03 17:07:50', '2023-09-03 16:07:50', '2023-09-03 16:07:50'),
(272, 1, 'e8e976c05e421a5e1fe7db6c6be599585ae85f391b2a0518357ef4c370ca38c7', '49.228.246.54, 172.22.0.2', '2023-09-03 18:43:07', '2023-09-03 17:43:07', '2023-09-03 17:43:07'),
(273, 1, '4b15db8a9e4963478f533d28701ea66ad77ec06edb9d019801c29d1c3be4c688', '2405:9800:b900:7255:1540:6923:4872:cf40, 172.22.0.2', '2023-09-03 20:10:35', '2023-09-03 19:10:35', '2023-09-03 19:10:35'),
(274, 1, '95870326e6caa3a2b66ceb167b7e772dfcbcab366e817a3b3fe5e9e89820f268', '2405:9800:b900:7255:1540:6923:4872:cf40, 172.22.0.2', '2023-09-03 20:11:34', '2023-09-03 19:11:34', '2023-09-03 19:11:34'),
(275, 4, '819887ac2bde611981f2615a6648cd42aa1c2134a5a2f8a7d03e235de4f742e1', '2405:9800:b900:7255:1540:6923:4872:cf40, 172.22.0.2', '2023-09-03 20:13:00', '2023-09-03 19:13:00', '2023-09-03 19:13:00'),
(276, 1, 'e958a5cf97208d4bc1f760932777722411e4460779fcfa73dc36077c9536de45', '2405:9800:b900:7255:1540:6923:4872:cf40, 172.22.0.2', '2023-09-03 22:27:19', '2023-09-03 21:27:19', '2023-09-03 21:27:19');
INSERT INTO `access_tokens` (`id`, `user_id`, `access_token`, `ip`, `expire_at`, `created_at`, `updated_at`) VALUES
(277, 4, 'bfc4aa106e5ac27a98b22a9157345c3cfd14caac73ee015be7b0e63c8c5542b3', '2405:9800:b900:7255:1540:6923:4872:cf40, 172.22.0.2', '2023-09-03 22:27:56', '2023-09-03 21:27:56', '2023-09-03 21:27:56'),
(278, 1, 'e5d50cb38d15bde9623def80f45fbb7b00d275a9f2a8c53e1682fb372217d6b8', '2405:9800:b900:7255:1540:6923:4872:cf40, 172.22.0.2', '2023-09-03 22:45:59', '2023-09-03 21:45:59', '2023-09-03 21:45:59'),
(279, 1, 'd27df28d9d76dae3d5e8f37b0a142dc7fa748309a44347da28fd71e886a8cfcd', '2405:9800:b900:7255:1540:6923:4872:cf40, 172.22.0.2', '2023-09-04 09:38:45', '2023-09-04 08:38:45', '2023-09-04 08:38:45'),
(280, 1, 'bc7097b20356db81ba0d3f9db3d5323869bde2f0f44d06cc6e47bf38dfab8e86', '2405:9800:b900:7255:1540:6923:4872:cf40, 172.22.0.2', '2023-09-04 10:45:58', '2023-09-04 09:45:58', '2023-09-04 09:45:58'),
(281, 1, 'd2ec9df46e81dd0d8bb09c180229ad4c7084c6a865e0044f28f724cb38d8f3a1', '2405:9800:b900:7255:1540:6923:4872:cf40, 172.22.0.2', '2023-09-04 12:08:30', '2023-09-04 11:08:30', '2023-09-04 11:08:30'),
(282, 1, 'f8cff020aac59bfe820e86a0d041590bf3ccb6857402ed9c3cc799eb1b5d06df', '2405:9800:b900:7255:1540:6923:4872:cf40, 172.22.0.2', '2023-09-04 12:09:50', '2023-09-04 11:09:50', '2023-09-04 11:09:50'),
(283, 4, '0d86ae226acb71f098efd5d243dfa7e7b70a619fc8946e2f95d9192e782338e1', '49.228.246.54, 172.22.0.2', '2023-09-04 12:10:26', '2023-09-04 11:10:26', '2023-09-04 11:10:26'),
(284, 1, '97a7640c43dd19cb6b5930ce073bdc7ec4af96daff03dd19e8b899405487de4f', '2405:9800:b900:7255:1540:6923:4872:cf40, 172.22.0.2', '2023-09-04 13:51:32', '2023-09-04 12:51:32', '2023-09-04 12:51:32'),
(285, 1, '91ad3c8a5a53caf7fb9b6a2852dddbafc1327a8edace28bc84b6b76c95213d5c', '2405:9800:b900:7255:1540:6923:4872:cf40, 172.22.0.2', '2023-09-04 14:36:20', '2023-09-04 13:36:20', '2023-09-04 13:36:20'),
(286, 4, 'b666a500a49cf9e5c0325c0ff11292eb575d7729823170fde012e0c830833379', '2405:9800:b900:7255:1540:6923:4872:cf40, 172.22.0.2', '2023-09-04 14:38:53', '2023-09-04 13:38:53', '2023-09-04 13:38:53'),
(287, 1, '0d38e19911088e0d9b09e8734d13599b777412ea7f086f4d4d48ffd2884d0ff3', '2405:9800:b900:7255:1540:6923:4872:cf40, 172.22.0.2', '2023-09-04 15:38:58', '2023-09-04 14:38:58', '2023-09-04 14:38:58'),
(288, 1, '1f3e6839271ba90ae986c76b73ceecadaae9ffa1789f24ad5ae80ce9cb80c8ef', '2405:9800:b900:7255:1540:6923:4872:cf40, 172.22.0.2', '2023-09-04 17:51:38', '2023-09-04 16:51:38', '2023-09-04 16:51:38'),
(289, 1, '4ed533810dda9dbc73b93d8e638ba148de2a8c8ec6af7606d247fed7880b70db', '2405:9800:b900:7255:1540:6923:4872:cf40, 172.22.0.2', '2023-09-04 18:54:52', '2023-09-04 17:54:52', '2023-09-04 17:54:52'),
(290, 1, '5bb2eec53a0a26cae9c0ddac82aba941f85e129a294bce33fed4a0de6067fc07', '49.228.246.54, 172.22.0.2', '2023-09-04 19:27:52', '2023-09-04 18:27:52', '2023-09-04 18:27:52'),
(291, 1, 'fc8ef51a2bfb41ecddabe399d31ca35c26e4a7f635b76b70b7e23eee36dab495', '2405:9800:b900:7255:1540:6923:4872:cf40, 172.22.0.2', '2023-09-04 22:52:45', '2023-09-04 21:52:45', '2023-09-04 21:52:45'),
(292, 1, 'a0e08ea2c4bdfd6a5957995f9f472bf201087e89cd907933c75e799d0d824a2e', '2405:9800:b900:7255:1540:6923:4872:cf40, 172.22.0.2', '2023-09-05 00:00:37', '2023-09-04 23:00:37', '2023-09-04 23:00:37'),
(293, 1, '8a561706c67e0e96ba657a8e3bd67b0192575852c74f206f8d15d0118d616ba3', '2405:9800:b900:7255:1540:6923:4872:cf40,2405:9800:b900:7255:1540:6923:4872:cf40,172.70.188.95', '2023-09-05 00:12:44', '2023-09-04 23:12:44', '2023-09-04 23:12:44'),
(294, 1, '1fbf944193a74b26d9e2f89d8f3bfa23d7c8d1a74b7f717f0d88c850a5ac2965', '2405:9800:b900:7255:1540:6923:4872:cf40,2405:9800:b900:7255:1540:6923:4872:cf40,172.70.188.96', '2023-09-05 00:13:58', '2023-09-04 23:13:58', '2023-09-04 23:13:58'),
(295, 1, '49a33ff82379042ecf4397a1220a6b0094502d2b5c6521fa83cf8757ceb698c0', '2405:9800:b900:7255:1540:6923:4872:cf40,2405:9800:b900:7255:1540:6923:4872:cf40,172.70.189.58', '2023-09-05 00:39:52', '2023-09-04 23:39:52', '2023-09-04 23:39:52'),
(296, 1, '0249dfe2d6d3e10a41248143277b878d59ee73346fdaa6ff5854228c0b812d88', '49.228.246.54,49.228.246.54,172.70.188.37', '2023-09-05 00:47:27', '2023-09-04 23:47:27', '2023-09-04 23:47:27'),
(297, 1, '756e51976b8903ca04b5130009b00bc1671823a2c638fc3fa4a976fa7b472b4e', '2405:9800:b900:7255:1540:6923:4872:cf40,172.68.234.213', '2023-09-05 01:05:15', '2023-09-05 00:05:15', '2023-09-05 00:05:15'),
(298, 1, '7a3cee9011fa2f6a55d3a1e42c649b64f5ab3c3aa8bfd9b8ec0d5588080a0d2c', '202.28.251.52,202.28.251.52,172.68.242.37', '2023-09-05 10:37:29', '2023-09-05 09:37:29', '2023-09-05 09:37:29'),
(299, 1, '830631340ebf40eb4fff4df71c00f97ab4a5364513fddbdc4b9bbdb8dfa250ad', '202.28.251.52,202.28.251.52,172.70.147.185', '2023-09-05 16:21:48', '2023-09-05 15:21:48', '2023-09-05 15:21:48'),
(300, 1, 'f71b99d4c488b82ef1aefdaabf33ca722875a065f52176c182fd4f473a747eb4', '202.28.251.52,202.28.251.52,172.70.92.217', '2023-09-05 16:42:52', '2023-09-05 15:42:52', '2023-09-05 15:42:52'),
(301, 1, 'd094004bd0e2a296b427044442b9dda851e19224d9c259f8fb9b41535b6222df', '2405:9800:b900:7255:3573:42a5:4370:a2da,2405:9800:b900:7255:3573:42a5:4370:a2da,172.70.189.133', '2023-09-05 21:20:32', '2023-09-05 20:20:32', '2023-09-05 20:20:32'),
(302, 1, '8b25f96b2055927a639ae8246600146f10893794620d27d076804988942b790e', '49.228.246.54,49.228.246.54,172.68.234.5', '2023-09-05 22:40:16', '2023-09-05 21:40:16', '2023-09-05 21:40:16'),
(303, 1, 'ff8719785e34366fa77dcbcaec1eb5bdf5c5ebbbb2c1f485fb50987e37499ce4', '2405:9800:b900:7255:990d:100e:4603:6243,2405:9800:b900:7255:990d:100e:4603:6243,172.70.189.44', '2023-09-06 00:33:41', '2023-09-05 23:33:41', '2023-09-05 23:33:41'),
(304, 1, '37eb5660e684a6e68f572049ed3ad931b8515e22a03519dfe1b3c70c9f8639af', '2405:9800:b900:7255:990d:100e:4603:6243,2405:9800:b900:7255:990d:100e:4603:6243,172.70.188.77', '2023-09-06 09:14:36', '2023-09-06 08:14:36', '2023-09-06 08:14:36'),
(305, 1, 'fc4955944e9e83c2bb75d360c32ca488386b6e3406dd0c3737ce71a75cf77506', '2405:9800:b900:7255:19e9:9d73:13a7:b744,2405:9800:b900:7255:19e9:9d73:13a7:b744,172.70.188.35', '2023-09-06 20:31:27', '2023-09-06 19:31:27', '2023-09-06 19:31:27'),
(306, 1, '5be27a35febc8f2ed895070d87231501e36d0d790b716fda4486215da328f51e', '2405:9800:b900:7255:19e9:9d73:13a7:b744,2405:9800:b900:7255:19e9:9d73:13a7:b744,172.68.234.185', '2023-09-06 21:31:36', '2023-09-06 20:31:36', '2023-09-06 20:31:36'),
(307, 1, '03242c60adbe605ff09beba682ceffbf2a05354747f8e8d0d55a73ba4b1cfbe9', '2405:9800:b900:7255:19e9:9d73:13a7:b744,2405:9800:b900:7255:19e9:9d73:13a7:b744,172.68.234.175', '2023-09-06 22:32:33', '2023-09-06 21:32:33', '2023-09-06 21:32:33'),
(308, 1, 'f8e1eaee22eeef55b5db5474497f4fcbb671f14f994c594967e2b7cfd884bc68', '202.28.251.51,202.28.251.51,172.70.147.7', '2023-09-07 15:08:04', '2023-09-07 14:08:04', '2023-09-07 14:08:04'),
(309, 1, '8da5c34dc32c84a9bc42486af558880aa56a2712b2fa1e46e83ecb2a7af8158d', '2405:9800:b900:7255:14d4:e361:232c:57a8,2405:9800:b900:7255:14d4:e361:232c:57a8,172.70.188.46', '2023-09-08 12:47:42', '2023-09-08 11:47:42', '2023-09-08 11:47:42'),
(310, 1, '1ee6c3e112cdf9542c64ea8b2e6fefe60d1e539aeea6797d8e4aac4f2dd012a6', '2405:9800:b900:7255:14d4:e361:232c:57a8,2405:9800:b900:7255:14d4:e361:232c:57a8,172.68.234.185', '2023-09-08 13:59:42', '2023-09-08 12:59:42', '2023-09-08 12:59:42'),
(311, 1, '9442804ac6021bdf1f10ce2a89a28288bcfceda57d90855d098cce0c3a13d2f1', '2405:9800:b900:7255:d09b:304f:b1bd:649,2405:9800:b900:7255:d09b:304f:b1bd:649,172.68.234.185', '2023-09-08 14:59:51', '2023-09-08 13:59:51', '2023-09-08 13:59:51');

-- --------------------------------------------------------

--
-- Table structure for table `comments`
--

CREATE TABLE `comments` (
  `id` int(11) NOT NULL,
  `comment` text,
  `post_id` int(11) DEFAULT NULL,
  `user_id` int(11) DEFAULT NULL,
  `created_at` datetime NOT NULL,
  `updated_at` datetime NOT NULL
) ENGINE=InnoDB DEFAULT CHARSET=latin1;

-- --------------------------------------------------------

--
-- Table structure for table `imgs`
--

CREATE TABLE `imgs` (
  `id` int(11) NOT NULL,
  `url` varchar(255) DEFAULT NULL,
  `path` varchar(255) DEFAULT NULL
) ENGINE=InnoDB DEFAULT CHARSET=latin1;

-- --------------------------------------------------------

--
-- Table structure for table `members`
--

CREATE TABLE `members` (
  `id` int(11) NOT NULL,
  `username` varchar(191) NOT NULL,
  `password` varchar(255) DEFAULT NULL,
  `userid` varchar(255) DEFAULT NULL,
  `role` enum('Superuser','User') DEFAULT 'User',
  `server` varchar(255) DEFAULT NULL,
  `created_at` datetime NOT NULL,
  `updated_at` datetime NOT NULL
) ENGINE=InnoDB DEFAULT CHARSET=latin1;

-- --------------------------------------------------------

--
-- Table structure for table `posts`
--

CREATE TABLE `posts` (
  `id` int(11) NOT NULL,
  `title` varchar(255) DEFAULT NULL,
  `content` text,
  `type` enum('general','sport','technology','entertainment','lifestyle','other') DEFAULT 'general',
  `img_id` int(11) DEFAULT NULL,
  `user_id` int(11) DEFAULT NULL,
  `created_at` datetime NOT NULL,
  `updated_at` datetime NOT NULL
) ENGINE=InnoDB DEFAULT CHARSET=latin1;

-- --------------------------------------------------------

--
-- Table structure for table `SequelizeMeta`
--

CREATE TABLE `SequelizeMeta` (
  `name` varchar(255) COLLATE utf8_unicode_ci NOT NULL
) ENGINE=InnoDB DEFAULT CHARSET=utf8 COLLATE=utf8_unicode_ci;

--
-- Dumping data for table `SequelizeMeta`
--

INSERT INTO `SequelizeMeta` (`name`) VALUES
('20210113073503-create-exam-nuxt-access_token.js'),
('20210113073503-create-exam-nuxt-members.js'),
('20210113073503-create-exam-nuxt-users.js'),
('20210113073504-create-exam-nuxt-posts.js'),
('20210113073505-create-exam-nuxt-imgs.js'),
('20210113073506-create-exam-nuxt-comments.js');

-- --------------------------------------------------------

--
-- Table structure for table `users`
--

CREATE TABLE `users` (
  `id` int(11) NOT NULL,
  `email` varchar(191) NOT NULL,
  `refresh_token` varchar(255) DEFAULT NULL,
  `refresh_token_expire_at` datetime DEFAULT NULL,
  `name` varchar(255) DEFAULT NULL,
  `avatar` varchar(255) DEFAULT NULL,
  `facebook_id` varchar(191) DEFAULT NULL,
  `google_id` varchar(191) DEFAULT NULL,
  `role` enum('admin','user') DEFAULT 'user',
  `created_at` datetime NOT NULL,
  `updated_at` datetime NOT NULL
) ENGINE=InnoDB DEFAULT CHARSET=latin1;

--
-- Dumping data for table `users`
--

INSERT INTO `users` (`id`, `email`, `refresh_token`, `refresh_token_expire_at`, `name`, `avatar`, `facebook_id`, `google_id`, `role`, `created_at`, `updated_at`) VALUES
(1, 'admin@haocomm.cloud', NULL, NULL, 'haocomm cloud', 'https://lh3.googleusercontent.com/a/ALm5wu3i1f59IRJhndS_UUw_xq7tEeKeg_58zB4NgFCH=s96-c', NULL, '117963227877354868212', 'admin', '2022-10-05 18:35:38', '2023-09-08 14:03:36'),
(5, '', NULL, NULL, 'demo', NULL, NULL, NULL, 'admin', '2023-09-10 13:33:09', '2023-09-10 13:33:09');

--
-- Indexes for dumped tables
--

--
-- Indexes for table `access_tokens`
--
ALTER TABLE `access_tokens`
  ADD PRIMARY KEY (`id`),
  ADD KEY `access_tokens_user_id` (`user_id`),
  ADD KEY `access_tokens_access_token` (`access_token`);

--
-- Indexes for table `comments`
--
ALTER TABLE `comments`
  ADD PRIMARY KEY (`id`),
  ADD KEY `comments_post_id` (`post_id`),
  ADD KEY `comments_user_id` (`user_id`);

--
-- Indexes for table `imgs`
--
ALTER TABLE `imgs`
  ADD PRIMARY KEY (`id`);

--
-- Indexes for table `members`
--
ALTER TABLE `members`
  ADD PRIMARY KEY (`id`),
  ADD UNIQUE KEY `username` (`username`),
  ADD KEY `members_username` (`username`);

--
-- Indexes for table `posts`
--
ALTER TABLE `posts`
  ADD PRIMARY KEY (`id`),
  ADD KEY `posts_img_id` (`img_id`),
  ADD KEY `posts_user_id` (`user_id`);

--
-- Indexes for table `SequelizeMeta`
--
ALTER TABLE `SequelizeMeta`
  ADD PRIMARY KEY (`name`),
  ADD UNIQUE KEY `name` (`name`);

--
-- Indexes for table `users`
--
ALTER TABLE `users`
  ADD PRIMARY KEY (`id`),
  ADD UNIQUE KEY `email` (`email`),
  ADD UNIQUE KEY `facebook_id` (`facebook_id`),
  ADD UNIQUE KEY `google_id` (`google_id`),
  ADD KEY `users_email` (`email`);

--
-- AUTO_INCREMENT for dumped tables
--

--
-- AUTO_INCREMENT for table `access_tokens`
--
ALTER TABLE `access_tokens`
  MODIFY `id` int(11) NOT NULL AUTO_INCREMENT, AUTO_INCREMENT=312;

--
-- AUTO_INCREMENT for table `comments`
--
ALTER TABLE `comments`
  MODIFY `id` int(11) NOT NULL AUTO_INCREMENT;

--
-- AUTO_INCREMENT for table `imgs`
--
ALTER TABLE `imgs`
  MODIFY `id` int(11) NOT NULL AUTO_INCREMENT;

--
-- AUTO_INCREMENT for table `members`
--
ALTER TABLE `members`
  MODIFY `id` int(11) NOT NULL AUTO_INCREMENT, AUTO_INCREMENT=88;

--
-- AUTO_INCREMENT for table `posts`
--
ALTER TABLE `posts`
  MODIFY `id` int(11) NOT NULL AUTO_INCREMENT;

--
-- AUTO_INCREMENT for table `users`
--
ALTER TABLE `users`
  MODIFY `id` int(11) NOT NULL AUTO_INCREMENT, AUTO_INCREMENT=6;
COMMIT;

/*!40101 SET CHARACTER_SET_CLIENT=@OLD_CHARACTER_SET_CLIENT */;
/*!40101 SET CHARACTER_SET_RESULTS=@OLD_CHARACTER_SET_RESULTS */;
/*!40101 SET COLLATION_CONNECTION=@OLD_COLLATION_CONNECTION */;
